{"mu": {"0": [[-0.48046448373142053, 1.2204770421199718], [0.736070189833993, 0.7242845614019915], [0.7840907619764337, 0.6364696508451672]], "1": [[0.734545471355592, 0.38307936835124506], [0.7634333458262502, 0.7247014481610081], [-0.4810289597717848, 1.2209360315919806]], "2": [[0.7589603463932412, 0.6797694399017238], [-0.6394637166412946, 1.4746035002427058], [-0.32592059965446124, 0.9713359189258465]], "3": [[0.8094747560473976, 0.6047908316826129], [-0.48048922947131834, 1.2205071578887414], [0.7339987011267146, 0.7200192713524662]], "4": [[-0.6394637166412946, 1.4746035002427058], [-0.32592059965446124, 0.9713359189258465], [0.7589603463932412, 0.6797694399017238]]}, "cov": {"0": [[0.06143810549471744, -0.02499778275918752, -0.02499778275918752, 0.08149974593360937], [0.02619270768299309, 0.005659091826380805, 0.005659091826380803, 0.02875591595870943], [0.02579723989760046, -0.020131241122760254, -0.020131241122760254, 0.048151165898585827]], "1": [[0.05131186699711389, -0.026374479682924157, -0.026374479682924157, 0.01883228877489364], [0.023110754433358006, -0.006975507686132003, -0.006975507686132003, 0.0283683359226276], [0.06106465465915258, -0.024677604606581312, -0.024677604606581312, 0.08128286576290861]], "2": [[0.027170332826640824, -0.008400412655371201, -0.008400412655371201, 0.04044196297889208], [0.035968049493834434, 0.015492720439464045, 0.015492720439464045, 0.019351843047296858], [0.036049434543354866, 0.014638833823181652, 0.014638833823181652, 0.01629148685149031]], "3": [[0.024381886843710166, -0.0216998977979514, -0.021699897797951402, 0.049810015629528866], [0.06142322287095432, -0.024976574437304114, -0.024976574437304114, 0.08148258768051707], [0.025780832971374328, 0.0016988508638069693, 0.0016988508638069691, 0.0308688679045693]], "4": [[0.035968049493834434, 0.015492720439464045, 0.015492720439464045, 0.01935184304729686], [0.03604943454335487, 0.014638833823181653, 0.014638833823181653, 0.01629148685149031], [0.027170332826640824, -0.008400412655371201, -0.008400412655371201, 0.04044196297889208]]}}